method,precision,recall,f1,tp,fp,tn,fn
Static,0.7860696517412935,1.0,0.8802228412256268,316,86,5598,0
EWMA,0.7149321266968326,1.0,0.8337730870712401,316,126,5558,0
ML,0.9435736677115988,0.9525316455696202,0.9480314960629921,301,18,5666,15
