{
  "metrics": [
    {
      "method": "Static",
      "precision": 0.7860696517412935,
      "recall": 1.0,
      "f1": 0.8802228412256268,
      "tp": 316,
      "fp": 86,
      "tn": 5598,
      "fn": 0
    },
    {
      "method": "EWMA",
      "precision": 0.7149321266968326,
      "recall": 1.0,
      "f1": 0.8337730870712401,
      "tp": 316,
      "fp": 126,
      "tn": 5558,
      "fn": 0
    },
    {
      "method": "ML",
      "precision": 0.9435736677115988,
      "recall": 0.9525316455696202,
      "f1": 0.9480314960629921,
      "tp": 301,
      "fp": 18,
      "tn": 5666,
      "fn": 15
    }
  ]
}